{"walls":[{"position":{"x":2.3086819648742677,"y":1.0667245388031006,"z":-11.604982376098633},"rotation":{"x":-0.14828446507453919,"y":0.744599461555481,"z":-0.17627255618572236,"w":0.6265073418617249},"rect":{"serializedVersion":"2","x":-1.9139676094055176,"y":-1.8245371580123902,"width":3.827935218811035,"height":3.6490743160247804}},{"position":{"x":-0.22998054325580598,"y":0.7355700731277466,"z":-12.252141952514649},"rotation":{"x":0.05319805443286896,"y":0.9442480802536011,"z":-0.22641205787658692,"w":-0.23303045332431794},"rect":{"serializedVersion":"2","x":-2.4965882301330568,"y":-1.8245371580123902,"width":4.993175029754639,"height":3.6490743160247804}},{"position":{"x":-1.466317892074585,"y":2.1399483680725099,"z":-9.44223690032959},"rotation":{"x":-0.19652315974235536,"y":-0.5143869519233704,"z":0.12154419720172882,"w":0.8258399963378906},"rect":{"serializedVersion":"2","x":-2.2093472480773927,"y":-1.8245371580123902,"width":4.418694972991943,"height":3.6490743160247804}},{"position":{"x":1.0723167657852173,"y":2.471151113510132,"z":-8.794995307922364},"rotation":{"x":-0.21963368356227876,"y":0.3233965337276459,"z":-0.07450508326292038,"w":0.9174010753631592},"rect":{"serializedVersion":"2","x":-2.0053725242614748,"y":-1.8245371580123902,"width":4.010744571685791,"height":3.6490743160247804}}],"floor":{"position":{"x":0.4483347535133362,"y":-0.17419123649597169,"z":-9.998412132263184},"rotation":{"x":0.17380616068840028,"y":-0.49262505769729617,"z":0.8044783473014832,"w":0.2827129065990448},"rect":{"serializedVersion":"2","x":-2.9308817386627199,"y":-2.156337261199951,"width":5.861762046813965,"height":4.312674045562744}},"ceiling":{"position":{"x":0.740601658821106,"y":3.256998300552368,"z":-11.297891616821289},"rotation":{"x":0.20351769030094148,"y":0.8280642032623291,"z":0.5071372389793396,"w":-0.12530842423439027},"rect":{"serializedVersion":"2","x":-2.5531885623931886,"y":-2.208622694015503,"width":5.106375694274902,"height":4.417244911193848}},"obstacles":[{"position":{"x":0.11238668859004975,"y":0.5250709056854248,"z":-9.072988510131836},"rotation":{"x":0.4434013068675995,"y":-0.27619436383247378,"z":0.4517371654510498,"w":0.7232188582420349},"boundingBox":{"m_Center":{"x":0.0,"y":0.0,"z":0.0},"m_Extent":{"x":0.404340922832489,"y":0.8999545574188232,"z":0.5250709056854248}},"type":1}]}