{"walls":[{"position":{"x":2.7858781814575197,"y":1.8391997814178467,"z":-0.9758825302124023},"rotation":{"x":-0.00830323901027441,"y":0.6351512670516968,"z":-0.00304679898545146,"w":0.7723371982574463},"rect":{"serializedVersion":"2","x":-1.9139676094055176,"y":-1.8245371580123902,"width":3.827935218811035,"height":3.6490743160247804}},{"position":{"x":0.6759705543518066,"y":1.794163703918457,"z":-2.563190221786499},"rotation":{"x":-0.0036437849048525097,"y":0.998264729976654,"z":-0.007986671291291714,"w":-0.058227602392435077},"rect":{"serializedVersion":"2","x":-2.4965882301330568,"y":-1.8245371580123902,"width":4.993175029754639,"height":3.6490743160247804}},{"position":{"x":-1.603224515914917,"y":1.8178520202636719,"z":-0.07291364669799805},"rotation":{"x":-0.004346184432506561,"y":-0.6742258071899414,"z":0.008145804516971112,"w":0.7384676337242127},"rect":{"serializedVersion":"2","x":-2.2093472480773927,"y":-1.8245371580123902,"width":4.418694972991943,"height":3.6490743160247804}},{"position":{"x":0.5066825151443481,"y":1.8628873825073243,"z":1.5143941640853882},"rotation":{"x":-0.008117797784507275,"y":0.15457409620285035,"z":0.0026600752025842668,"w":0.9879443049430847},"rect":{"serializedVersion":"2","x":-2.0053725242614748,"y":-1.8245371580123902,"width":4.010744571685791,"height":3.6490743160247804}}],"floor":{"position":{"x":0.7448090314865112,"y":0.00037670135498046875,"z":-0.7898703813552856},"rotation":{"x":0.11053700000047684,"y":-0.6927432417869568,"z":0.704423725605011,"w":0.1080542802810669},"rect":{"serializedVersion":"2","x":-2.9308817386627199,"y":-2.156337261199951,"width":5.861762046813965,"height":4.312674045562744}},"ceiling":{"position":{"x":0.8610561490058899,"y":3.657895565032959,"z":-0.39467522501945498},"rotation":{"x":0.0393642857670784,"y":0.7115745544433594,"z":0.7001904845237732,"w":-0.042959555983543399},"rect":{"serializedVersion":"2","x":-2.5531885623931886,"y":-2.208622694015503,"width":5.106375694274902,"height":4.417244911193848}},"obstacles":[{"position":{"x":-0.0656583160161972,"y":0.3472292423248291,"z":0.36321529746055605},"rotation":{"x":0.518976628780365,"y":-0.47199055552482607,"z":0.48266348242759707,"w":0.5243320465087891},"boundingBox":{"m_Center":{"x":0.0,"y":0.0,"z":0.0},"m_Extent":{"x":0.404340922832489,"y":0.8999545574188232,"z":0.3472292423248291}},"type":1}]}